[
  { "id": 1, "name": "Gdańsk Salon Cyfrowe.pl", "shortName": "Gdańsk", "type": "salon", "address": "ul. Kartuska 149 lok. 11", "city": "Gdańsk", "phone": "58 727 05 72", "hours": "pn-pt 10:00-18:00" },
  { "id": 2, "name": "Katowice Salon Cyfrowe.pl", "shortName": "Katowice", "type": "salon", "address": "ul. Chorzowska 108", "city": "Katowice", "phone": "32 343 49 03", "hours": "pn-pt 10:00-18:00" },
  { "id": 3, "name": "Kraków Salon Cyfrowe.pl", "shortName": "Kraków", "type": "salon", "address": "ul. Masarska 9", "city": "Kraków", "phone": "12 210 02 61", "hours": "pn-pt 10:00-18:00" },
  { "id": 4, "name": "Łódź Salon Cyfrowe.pl", "shortName": "Łódź", "type": "salon", "address": "ul. Kilińskiego 170", "city": "Łódź", "phone": "42 233 80 18", "hours": "pn-pt 10:00-18:00" },
  { "id": 5, "name": "Poznań Salon Cyfrowe.pl", "shortName": "Poznań", "type": "salon", "address": "ul. Piątkowska 165", "city": "Poznań", "phone": "61 669 80 11", "hours": "pn-pt 10:00-18:00" },
  { "id": 6, "name": "Warszawa Mokotów Salon Cyfrowe.pl", "shortName": "Warszawa Mokotów", "type": "salon", "address": "ul. Woronicza 24 Lok. U1", "city": "Warszawa", "phone": "22 102 16 30", "hours": "pn-pt 10:00-18:00, sb 10:00-14:00" },
  { "id": 7, "name": "Warszawa Wola Salon Cyfrowe.pl (Canon Store)", "shortName": "Warszawa Wola", "type": "salon", "address": "ul. Sokołowska 9 lokal U34", "city": "Warszawa", "phone": "22 102 16 60", "hours": "pn-pt 10:00-18:00" },
  { "id": 8, "name": "Centrala Cyfrowe.pl", "shortName": "Centrala", "type": "centrala", "address": "ul. Łostowicka 25A", "city": "Gdańsk", "phone": "58 326 40 40", "hours": "pn-pt 8:00-16:00" }
]
